<?xml version="1.0" encoding="UTF-8"?>
<project-private xmlns="http://www.netbeans.org/ns/project-private/1">
    <editor-bookmarks xmlns="http://www.netbeans.org/ns/editor-bookmarks/2" lastBookmarkId="0"/>
    <open-files xmlns="http://www.netbeans.org/ns/projectui-open-files/2">
        <group>
            <file>file:/C:/Users/Daniel%20Phillips/Documents/UWI/Year%203/ECNG%203006/Projects/Lab0.X/Makefile</file>
            <file>file:/C:/Users/Daniel%20Phillips/MPLABXProjects/Lab0.X/changed_libs/h/xlcd2.h</file>
            <file>file:/C:/Users/Daniel%20Phillips/MPLABXProjects/Lab0.X/changed_libs/c/putsxlcd.c</file>
            <file>file:/C:/Users/Daniel%20Phillips/Documents/UWI/Year%203/ECNG%203006/Projects/Lab0.X/mainfile.c</file>
            <file>file:/C:/Users/Daniel%20Phillips/MPLABXProjects/Lab0.X/changed_libs/c/putrxlcd.c</file>
            <file>file:/C:/Users/Daniel%20Phillips/MPLABXProjects/Lab0.X/changed_libs/c/busyxlcd.c</file>
        </group>
    </open-files>
</project-private>
