<?xml version="1.0" encoding="UTF-8"?>
<project-private xmlns="http://www.netbeans.org/ns/project-private/1">
    <editor-bookmarks xmlns="http://www.netbeans.org/ns/editor-bookmarks/2" lastBookmarkId="0"/>
    <open-files xmlns="http://www.netbeans.org/ns/projectui-open-files/2">
        <group>
            <file>file:/C:/Users/Daniel%20Phillips/Documents/UWI/Year%203/ECNG%203006/Projects/Lab2.X/os_core.c</file>
            <file>file:/C:/Users/Daniel%20Phillips/Documents/UWI/Year%203/ECNG%203006/Projects/Lab2.X/os_cfg.h</file>
            <file>file:/C:/Users/Daniel%20Phillips/Documents/UWI/Year%203/ECNG%203006/Projects/Lab2.X/ucos_ii.c</file>
            <file>file:/C:/Users/Daniel%20Phillips/Documents/UWI/Year%203/ECNG%203006/Projects/Lab2.X/os_dbg_r.c</file>
            <file>file:/C:/Users/Daniel%20Phillips/Documents/UWI/Year%203/ECNG%203006/Projects/Lab2.X/app_cfg.h</file>
            <file>file:/C:/Users/Daniel%20Phillips/Documents/UWI/Year%203/ECNG%203006/Projects/Lab2.X/os_time.c</file>
            <file>file:/C:/Users/Daniel%20Phillips/Documents/UWI/Year%203/ECNG%203006/Projects/Lab2.X/ucos_ii.h</file>
            <file>file:/C:/Users/Daniel%20Phillips/Documents/UWI/Year%203/ECNG%203006/Projects/Lab2.X/code_lab2_1.c</file>
            <file>file:/C:/Users/Daniel%20Phillips/Documents/UWI/Year%203/ECNG%203006/Projects/Lab2.X/vectors.c</file>
            <file>file:/C:/Users/Daniel%20Phillips/Documents/UWI/Year%203/ECNG%203006/Projects/Lab2.X/os_cpu_c.c</file>
        </group>
    </open-files>
</project-private>
